CLAIM_MONTH,ACCIDENT_STATE,TOTAL_CLAIMS,AVERAGE_CLAIM,CLAIM_COUNT
2020-01,WY,30000.0,15000.0,2
2020-02,MT,10000.0,10000.0,1
2020-02,TN,10000.0,10000.0,1
2020-02,TX,25000.0,25000.0,1
2020-02,UT,23850.0,7950.0,3
2020-02,WY,11475.0,5737.5,2
2020-03,FL,182810.4,22851.3,8
2020-03,MD,50661.66,12665.415,4
2020-03,MT,5000.0,5000.0,1
2020-03,UT,1500.0,1500.0,1
2020-04,FL,8534.58,2844.86,3
2020-04,MD,495.0,495.0,1
2020-04,MT,28000.0,5600.0,5
2020-04,OK,69797.37,13959.473999999998,5
2020-04,TX,50800.0,12700.0,4
2020-04,UT,12117.85,4039.2833333333333,3
2020-05,FL,25000.0,25000.0,1
2020-05,MD,10000.0,10000.0,1
2020-05,MT,26447.28,26447.28,1
2020-05,OK,5185.32,1728.4399999999998,3
2020-05,PA,10000.0,10000.0,1
2020-05,TN,64355.0,10725.833333333334,6
2020-05,UT,3989.9,1329.9666666666667,3
2020-06,IL,55800.0,18600.0,3
2020-06,MT,13837.5,4612.5,3
2020-06,PA,1152.9,576.45,2
2020-06,TN,6372.25,2124.0833333333335,3
2020-06,TX,126953.5,21158.916666666668,6
2020-07,IL,6468.9,2156.2999999999997,3
2020-07,NC,44808.8,6401.257142857144,7
2020-07,OH,10000.0,10000.0,1
2020-07,OH ,25000.0,25000.0,1
2020-07,TN,37050.72,7410.144,5
2020-07,TX,181000.0,13923.076923076924,13
2020-08,AL,62500.0,15625.0,4
2020-08,CA,10000.0,10000.0,1
2020-08,IA,10000.0,10000.0,1
2020-08,IL,32500.0,6500.0,5
2020-08,MA,28486.8,7121.7,4
2020-08,NC,30000.0,10000.0,3
2020-08,NM,72500.0,14500.0,5
2020-08,OH,10848.4,2712.1,4
2020-08,OH ,10000.0,5000.0,2
2020-08,TX,67500.0,13500.0,5
2020-08,VA,40000.0,10000.0,4
2020-08,WY,25000.0,25000.0,1
2020-09,AL,16392.89,4098.2225,4
2020-09,AZ,50000.0,12500.0,4
2020-09,CA,103298.48,9390.770909090908,11
2020-09,CT,96800.0,7446.153846153846,13
2020-09,IA,2500.0,2500.0,1
2020-09,IL,51349.17,10269.833999999999,5
2020-09,KY,43066.75,6152.392857142857,7
2020-09,MD,50000.0,50000.0,1
2020-09,NC,28585.6,9528.533333333333,3
2020-09,NM,70180.0,17545.0,4
2020-09,OH,26000.0,13000.0,2
2020-09,TX,106281.09,7591.506428571428,14
2020-09,VA,11637.3,2909.325,4
2020-09,WA,27500.0,13750.0,2
2020-09,WY,44536.63,7422.7716666666665,6
2020-10,AR,10000.0,10000.0,1
2020-10,AZ,37162.509999999995,12387.503333333332,3
2020-10,CA,47500.0,11875.0,4
2020-10,CT,300.0,300.0,1
2020-10,GA,10000.0,10000.0,1
2020-10,IL,16708.4,4177.1,4
2020-10,LA,50000.0,50000.0,1
2020-10,MA,11274.4,5637.2,2
2020-10,MD,31500.0,5250.0,6
2020-10,MO,10000.0,10000.0,1
2020-10,NC,10000.0,10000.0,1
2020-10,NM,55136.43,9189.405,6
2020-10,NV,42500.0,6071.428571428572,7
2020-10,OH,14228.33,4742.776666666667,3
2020-10,OH ,24345.6,24345.6,1
2020-10,TX,9530.26,1588.3766666666668,6
2020-10,VA,48085.0,6869.285714285715,7
2020-10,WY,119902.92,17128.98857142857,7
2020-11,AR,8620.0,2155.0,4
2020-11,AZ,26500.0,13250.0,2
2020-11,CA,87940.0,9771.111111111111,9
2020-11,CO,10000.0,10000.0,1
2020-11,CT,49768.25,4976.825,10
2020-11,GA,15670.0,3917.5,4
2020-11,MA,5637.2,5637.2,1
2020-11,MD,37000.0,12333.333333333334,3
2020-11,NC,1268.6,634.3,2
2020-11,NM,166000.0,18444.444444444445,9
2020-11,OH,33912.72,8478.18,4
2020-11,TX,109070.85,8390.065384615385,13
2020-11,VA,1846.45,923.225,2
2020-11,WY,4075.0,815.0,5
2020-12,AR,17523.239999999998,2503.3199999999997,7
2020-12,AZ,28504.0,9501.333333333334,3
2020-12,CT,30331.58,6066.316000000001,5
2020-12,KY,10000.0,10000.0,1
2020-12,MD,68698.43,8587.30375,8
2020-12,MO,51843.0,25921.5,2
2020-12,NC,82500.0,82500.0,1
2020-12,NM,141259.6,17657.45,8
2020-12,NY,25000.0,25000.0,1
2020-12,OR,25000.0,25000.0,1
2020-12,TN,25000.0,25000.0,1
2020-12,TX,11102.59,5551.295,2
2020-12,WY,28500.0,9500.0,3
2021-01,AL,10000.0,10000.0,1
2021-01,AR,139108.41,11592.3675,12
2021-01,CA,177128.93,12652.066428571428,14
2021-01,CO,20000.0,10000.0,2
2021-01,CT,25000.0,25000.0,1
2021-01,GA,25000.0,25000.0,1
2021-01,Georgia,47500.0,11875.0,4
2021-01,IL,35000.0,17500.0,2
2021-01,IN,25000.0,25000.0,1
2021-01,MA,10000.0,10000.0,1
2021-01,MO,2500.0,2500.0,1
2021-01,NV,17702.8,8851.4,2
2021-01,OH,10000.0,10000.0,1
2021-01,OK,25000.0,25000.0,1
2021-01,PA,84300.0,12042.857142857143,7
2021-01,TN,84500.0,16900.0,5
2021-01,TX,25924.0,4320.666666666667,6
2021-01,VA,15000.0,15000.0,1
2021-01,WY,83250.0,7568.181818181818,11
2021-02,AL,17140.0,5713.333333333333,3
2021-02,AR,1370.0,685.0,2
2021-02,AZ,60000.0,15000.0,4
2021-02,CA,25000.0,8333.333333333334,3
2021-02,CO,12500.0,6250.0,2
2021-02,CO ,15000.0,15000.0,1
2021-02,FL,15000.0,15000.0,1
2021-02,GA ,25000.0,25000.0,1
2021-02,Georgia,2893.2,964.4,3
2021-02,IN,69000.0,13800.0,5
2021-02,KY,16025.0,5341.666666666667,3
2021-02,LA,15000.0,15000.0,1
2021-02,MA,97535.0,9753.5,10
2021-02,MD,7021.4400000000005,2340.48,3
2021-02,MN,15000.0,15000.0,1
2021-02,MS,15000.0,15000.0,1
2021-02,NC,5980.0,2990.0,2
2021-02,NM,36813.64,7362.728,5
2021-02,NV,15000.0,15000.0,1
2021-02,NY,62067.520000000004,6896.391111111112,9
2021-02,OH,4800.0,2400.0,2
2021-02,OK,15000.0,15000.0,1
2021-02,PA,79861.2,8873.466666666667,9
2021-02,TN,139679.8,12698.163636363635,11
2021-02,TX,55000.0,13750.0,4
2021-02,TX ,20000.0,10000.0,2
2021-02,VA,132500.0,14722.222222222223,9
2021-02,WY,10967.5,2193.5,5
2021-03,AR,15000.0,15000.0,1
2021-03,AR ,15000.0,15000.0,1
2021-03,AZ,179008.9,14917.408333333333,12
2021-03,CA,74675.0,12445.833333333334,6
2021-03,CO ,15000.0,15000.0,1
2021-03,CT,15000.0,15000.0,1
2021-03,FL,15000.0,15000.0,1
2021-03,GA ,15000.0,15000.0,1
2021-03,IN,58222.04,14555.51,4
2021-03,IN ,25000.0,12500.0,2
2021-03,KS,15000.0,15000.0,1
2021-03,KY,7990.86,3995.43,2
2021-03,KY ,15000.0,15000.0,1
2021-03,LA,52000.0,8666.666666666666,6
2021-03,MA,10795.0,3598.3333333333335,3
2021-03,MA ,15000.0,15000.0,1
2021-03,MD,13499.0,13499.0,1
2021-03,MS ,15000.0,15000.0,1
2021-03,NC ,17000.0,8500.0,2
2021-03,NJ,15000.0,15000.0,1
2021-03,NM,56426.53,9404.421666666667,6
2021-03,NV,5000.0,5000.0,1
2021-03,NY,15000.0,15000.0,1
2021-03,OH,26693.27,6673.3175,4
2021-03,OR ,67000.0,22333.333333333332,3
2021-03,PA,50052.670000000006,25026.335000000003,2
2021-03,PA ,15000.0,15000.0,1
2021-03,SC,15000.0,15000.0,1
2021-03,TN,26140.6,4356.766666666666,6
2021-03,TX,166421.18,13868.431666666665,12
2021-03,TX ,115009.7,12778.855555555556,9
2021-03,UT ,15000.0,15000.0,1
2021-03,WV,35568.0,8892.0,4
2021-03,WY,30695.1,5115.849999999999,6
2021-04,AR ,40587.0,6764.5,6
2021-04,AZ,219797.81,18316.484166666665,12
2021-04,CA,144664.86,14466.485999999999,10
2021-04,CO,2000.0,2000.0,1
2021-04,CO ,118300.0,16900.0,7
2021-04,FL,28644.25,4774.041666666667,6
2021-04,GA ,15000.0,15000.0,1
2021-04,IN,46295.0,6613.571428571428,7
2021-04,IN ,149300.0,14930.0,10
2021-04,LA,10000.0,10000.0,1
2021-04,MD,19762.64,6587.546666666666,3
2021-04,MO ,55000.0,13750.0,4
2021-04,NC,48904.03,16301.343333333332,3
2021-04,NC ,15000.0,15000.0,1
2021-04,NJ ,15000.0,15000.0,1
2021-04,NM ,30000.0,15000.0,2
2021-04,OH,15000.0,15000.0,1
2021-04,OH ,15000.0,15000.0,1
2021-04,OR ,20432.25,6810.75,3
2021-04,PA,15000.0,15000.0,1
2021-04,TN,2500.0,2500.0,1
2021-04,TX,48524.04,3466.002857142857,14
2021-04,TX ,121500.0,13500.0,9
2021-04,UT ,15000.0,15000.0,1
2021-04,VA,52301.6,17433.866666666665,3
2021-04,WA,15000.0,15000.0,1
2021-04,WI ,15000.0,15000.0,1
2021-04,WV,7256.950000000001,3628.4750000000004,2
2021-05,AR,37500.0,18750.0,2
2021-05,AR ,42078.99,8415.797999999999,5
2021-05,AZ,14059.0,2008.4285714285713,7
2021-05,CA,191696.69,14745.899230769232,13
2021-05,CO,54472.58,6052.5088888888895,9
2021-05,CO ,83570.91,13928.485,6
2021-05,CT,10000.0,10000.0,1
2021-05,CT ,15000.0,15000.0,1
2021-05,FL,4397.15,2198.575,2
2021-05,FL ,15000.0,15000.0,1
2021-05,GA,15000.0,15000.0,1
2021-05,GA ,27500.0,6875.0,4
2021-05,IA,15000.0,15000.0,1
2021-05,ID ,17357.06,5785.686666666667,3
2021-05,IL,33970.3,16985.15,2
2021-05,IN,2994.96,1497.48,2
2021-05,IN ,51500.0,8583.333333333334,6
2021-05,KY,21916.0,7305.333333333333,3
2021-05,KY ,15000.0,15000.0,1
2021-05,LA,34659.22,6931.844,5
2021-05,LA ,15000.0,15000.0,1
2021-05,MA,27584.24,13792.12,2
2021-05,MA ,1816.08,908.04,2
2021-05,MO ,30000.0,15000.0,2
2021-05,MS,15000.0,15000.0,1
2021-05,NC ,3000.0,3000.0,1
2021-05,NE ,15000.0,15000.0,1
2021-05,NJ ,20000.0,10000.0,2
2021-05,NM,22500.0,5625.0,4
2021-05,NM ,23781.3,5945.325,4
2021-05,NY,2501.0,1250.5,2
2021-05,OH ,91874.75,13124.964285714286,7
2021-05,OK ,30000.0,15000.0,2
2021-05,OR ,3000.0,3000.0,1
2021-05,PA,18000.0,9000.0,2
2021-05,PA ,15000.0,15000.0,1
2021-05,TN ,30000.0,15000.0,2
2021-05,TX,37774.89,4721.86125,8
2021-05,TX ,145446.0,20778.0,7
2021-05,UT,30000.0,15000.0,2
2021-05,UT ,8238.45,1647.69,5
2021-05,VA,3000.0,3000.0,1
2021-05,WA,15000.0,15000.0,1
2021-05,WI ,18000.0,9000.0,2
2021-05,WV,17500.0,8750.0,2
2021-05,WY,206387.43,17198.9525,12
2021-06,0,15000.0,15000.0,1
2021-06,AR ,2500.0,2500.0,1
2021-06,AZ,13271.69,2654.338,5
2021-06,CA,78554.69,9819.33625,8
2021-06,CO,4500.0,1500.0,3
2021-06,CT ,2195.3,1097.65,2
2021-06,FL,15000.0,15000.0,1
2021-06,GA,15000.0,15000.0,1
2021-06,IL,15000.0,15000.0,1
2021-06,IN,45000.0,15000.0,3
2021-06,IN ,9252.380000000001,2313.0950000000003,4
2021-06,KY,15000.0,15000.0,1
2021-06,MO,30000.0,15000.0,2
2021-06,NC,30000.0,15000.0,2
2021-06,NE,15000.0,15000.0,1
2021-06,NJ ,1314.8,1314.8,1
2021-06,NY,15000.0,15000.0,1
2021-06,OH,15000.0,15000.0,1
2021-06,OH ,1000.0,1000.0,1
2021-06,OR,75000.0,15000.0,5
2021-06,OR ,1637.2,1637.2,1
2021-06,PA,42468.04,10617.01,4
2021-06,TN,17753.4,4438.35,4
2021-06,TX,97000.0,13857.142857142857,7
2021-06,TX ,3100.0,1033.3333333333333,3
2021-06,UT ,21746.4,7248.8,3
2021-06,VA,31698.0,15849.0,2
2021-06,WA,15000.0,15000.0,1
2021-06,WI ,567.3,567.3,1
2021-06,WY,60000.0,15000.0,4
2021-07,0,15000.0,15000.0,1
2021-07,AL,15000.0,15000.0,1
2021-07,AR,40509.42,10127.355,4
2021-07,AR ,50782.96,8463.826666666666,6
2021-07,AZ,76857.95,8539.772222222222,9
2021-07,CA,68231.6,8528.95,8
2021-07,CT,1301.2,1301.2,1
2021-07,FL,47500.0,11875.0,4
2021-07,FL ,23930.07,4786.014,5
2021-07,GA,15000.0,15000.0,1
2021-07,GA ,47500.0,7916.666666666667,6
2021-07,IL,94333.33,10481.481111111112,9
2021-07,IN,55000.0,9166.666666666666,6
2021-07,IN ,1109.6,1109.6,1
2021-07,KY,62591.68,6259.168,10
2021-07,KY ,9303.75,4651.875,2
2021-07,LA,30000.0,15000.0,2
2021-07,MD,15000.0,15000.0,1
2021-07,MI,15000.0,15000.0,1
2021-07,MO,34291.04,4286.38,8
2021-07,MS,15000.0,15000.0,1
2021-07,NC,16000.0,8000.0,2
2021-07,NE,2749.0,1374.5,2
2021-07,NJ,30000.0,15000.0,2
2021-07,NJ ,25375.16,8458.386666666667,3
2021-07,NM,15000.0,15000.0,1
2021-07,NM ,678.9,678.9,1
2021-07,NV,30000.0,15000.0,2
2021-07,NY,61129.6,8732.8,7
2021-07,OR,19674.84,9837.42,2
2021-07,OR ,25433.05,25433.05,1
2021-07,PA,22500.0,7500.0,3
2021-07,TN,75000.0,15000.0,5
2021-07,TX,155220.0,14110.90909090909,11
2021-07,UT,15000.0,15000.0,1
2021-07,UT ,4488.45,2244.225,2
2021-07,VA,54765.33,6845.66625,8
2021-07,WI,15000.0,15000.0,1
2021-07,WY,5000.0,2500.0,2
2021-08,0,30000.0,15000.0,2
2021-08,AR ,38077.45,4759.68125,8
2021-08,AZ,184087.0,10828.64705882353,17
2021-08,CA,161685.24,8084.262,20
2021-08,CO ,1110.0,555.0,2
2021-08,FL,85541.07,28513.690000000002,3
2021-08,FL ,1818.4,909.2,2
2021-08,GA,15000.0,15000.0,1
2021-08,GA ,175.0,175.0,1
2021-08,Georgia,3908.62,1954.31,2
2021-08,IL,27000.0,9000.0,3
2021-08,IN,88000.0,9777.777777777777,9
2021-08,IN ,8744.35,2186.0875,4
2021-08,KS,82386.9,20596.725,4
2021-08,KY,30000.0,15000.0,2
2021-08,LA,170560.0,24365.714285714286,7
2021-08,MA,675.0,225.0,3
2021-08,MD,2500.0,2500.0,1
2021-08,MI,15000.0,15000.0,1
2021-08,MO,92500.0,11562.5,8
2021-08,MO ,70661.27,11776.878333333334,6
2021-08,NC,40780.71,5825.815714285714,7
2021-08,NC ,10876.4,5438.2,2
2021-08,NJ,45000.0,15000.0,3
2021-08,NM ,20793.5,6931.166666666667,3
2021-08,NY,18000.0,9000.0,2
2021-08,OH,15000.0,15000.0,1
2021-08,OK ,28000.0,5600.0,5
2021-08,OR,15000.0,15000.0,1
2021-08,PA,7898.76,7898.76,1
2021-08,TN,15000.0,15000.0,1
2021-08,TN ,67597.87,8449.73375,8
2021-08,TX,117693.0,13077.0,9
2021-08,TX ,16043.56,1782.6177777777777,9
2021-08,UT,61511.03,7688.87875,8
2021-08,VA,42791.85,7131.974999999999,6
2021-08,WA,15000.0,15000.0,1
2021-08,WI,47474.85,6782.121428571429,7
2021-08,WY,37500.0,9375.0,4
2021-09,0,45000.0,15000.0,3
2021-09,AL,1289.8,644.9,2
2021-09,AR,50655.2,16885.066666666666,3
2021-09,AR ,32896.35,8224.0875,4
2021-09,AZ,188035.27,9401.7635,20
2021-09,CA,147335.14,8185.285555555556,18
2021-09,CO,15000.0,15000.0,1
2021-09,CO ,50626.53,12656.6325,4
2021-09,CT ,22500.0,7500.0,3
2021-09,FL,314353.95999999996,15717.697999999999,20
2021-09,GA,18369.16,6123.053333333333,3
2021-09,GA ,2500.0,2500.0,1
2021-09,IA,15000.0,15000.0,1
2021-09,IL,71261.70999999999,10180.244285714285,7
2021-09,IN,57425.8,7178.225,8
2021-09,KS,77587.64,15517.528,5
2021-09,KY,77500.0,15500.0,5
2021-09,MA,17900.0,3580.0,5
2021-09,MI,30000.0,15000.0,2
2021-09,MO,83900.0,10487.5,8
2021-09,MO ,29787.27,29787.27,1
2021-09,NC,6100.0,1525.0,4
2021-09,NC ,26590.0,8863.333333333334,3
2021-09,NJ,12500.0,6250.0,2
2021-09,NJ ,12422.24,3105.56,4
2021-09,NM,41911.12,5238.89,8
2021-09,NV,207500.0,41500.0,5
2021-09,NY,87640.24,7967.294545454546,11
2021-09,OH ,3562.8,1781.4,2
2021-09,OK ,8574.76,2143.69,4
2021-09,OR,14250.0,3562.5,4
2021-09,PA,7000.0,7000.0,1
2021-09,PA ,44626.66,22313.33,2
2021-09,SC,29000.0,7250.0,4
2021-09,TN,19180.0,2740.0,7
2021-09,TN ,24197.02,4839.404,5
2021-09,TX,516444.14,15189.533529411765,34
2021-09,TX ,1556.88,778.44,2
2021-09,UT,161045.98,23006.568571428572,7
2021-09,UT ,28471.51,5694.302,5
2021-09,VA,271648.04,20896.003076923076,13
2021-09,WA,15000.0,15000.0,1
2021-09,WI,15836.4,7918.2,2
2021-09,WI ,6592.5,3296.25,2
2021-09,WY,27500.0,5500.0,5
2021-10,AL,168227.55,18691.949999999997,9
2021-10,AR,27000.0,9000.0,3
2021-10,AR ,28983.0,14491.5,2
2021-10,AZ,41332.05,13777.35,3
2021-10,CA,175607.09,10975.443125,16
2021-10,CO,15000.0,15000.0,1
2021-10,FL,97537.59,24384.3975,4
2021-10,GA,17567.3,5855.766666666666,3
2021-10,ID,15000.0,15000.0,1
2021-10,IL,170036.72,14169.726666666667,12
2021-10,IN,77892.74,15578.548,5
2021-10,IN ,10397.95,2599.4875,4
2021-10,KY ,2904.0,1452.0,2
2021-10,MA,15000.0,15000.0,1
2021-10,MN,15000.0,15000.0,1
2021-10,MO,92527.64,18505.528,5
2021-10,NC,15000.0,15000.0,1
2021-10,NJ,55432.0,11086.4,5
2021-10,NJ ,53621.8,17873.933333333334,3
2021-10,NM,15000.0,15000.0,1
2021-10,NV,55512.0,7930.285714285715,7
2021-10,NY,90485.0,18097.0,5
2021-10,OH,37495.0,6249.166666666667,6
2021-10,OK,30000.0,15000.0,2
2021-10,OR,26022.73,13011.365,2
2021-10,PA,41315.0,13771.666666666666,3
2021-10,SC,9419.5,4709.75,2
2021-10,TN,21662.96,3610.4933333333333,6
2021-10,TX,275528.2,25048.018181818185,11
2021-10,UT,63288.33,31644.165,2
2021-10,VA,34520.0,5753.333333333333,6
2021-10,WA,16023.0,5341.0,3
2021-10,WI,358.1,179.05,2
2021-10,WY,53419.97,10683.994,5
2021-11,0,15000.0,15000.0,1
2021-11,AL,27500.0,9166.666666666666,3
2021-11,AZ,61000.0,12200.0,5
2021-11,CA,203102.7,15623.284615384617,13
2021-11,CO ,589.5,294.75,2
2021-11,GA ,99656.0,49828.0,2
2021-11,IL,21113.63,4222.726000000001,5
2021-11,IN ,9146.02,9146.02,1
2021-11,KY,35000.0,11666.666666666666,3
2021-11,LA,56500.0,14125.0,4
2021-11,MI,15000.0,15000.0,1
2021-11,MN,15000.0,15000.0,1
2021-11,MO,27592.86,6898.215,4
2021-11,MS,15000.0,15000.0,1
2021-11,MS ,22704.0,5676.0,4
2021-11,NC,15000.0,15000.0,1
2021-11,NJ,77500.0,11071.42857142857,7
2021-11,NM,123297.74,20549.623333333333,6
2021-11,NV,20000.0,10000.0,2
2021-11,NY,167066.85,55688.950000000004,3
2021-11,OH,30000.0,15000.0,2
2021-11,OR,32317.27,16158.635,2
2021-11,TN,79038.65,8782.072222222221,9
2021-11,TN ,8131.5,1355.25,6
2021-11,TX,96932.0,12116.5,8
2021-11,TX ,10000.0,10000.0,1
2021-11,UT,331.15999999999997,165.57999999999998,2
2021-11,VA,4500.0,1500.0,3
2021-11,WI,16891.25,8445.625,2
2021-11,WI ,910.0,910.0,1
2021-11,WV,20000.0,10000.0,2
2021-12,AL,33592.6,3359.2599999999998,10
2021-12,AR,10000.0,10000.0,1
2021-12,AZ,206741.28,22971.253333333334,9
2021-12,CA,297316.15,12926.789130434783,23
2021-12,FL,64032.59,10672.098333333333,6
2021-12,GA,124112.0,24822.4,5
2021-12,GA ,99655.98,99655.98,1
2021-12,IL,38500.0,7700.0,5
2021-12,IN ,96.0,96.0,1
2021-12,KY,30000.0,15000.0,2
2021-12,LA,56805.36,14201.34,4
2021-12,MD,801.13,267.04333333333335,3
2021-12,MI,81000.0,40500.0,2
2021-12,MO,30000.0,15000.0,2
2021-12,MS,27500.0,9166.666666666666,3
2021-12,MS ,2449.95,2449.95,1
2021-12,MT,15000.0,15000.0,1
2021-12,NC ,673.32,673.32,1
2021-12,NJ,40672.4,5810.342857142858,7
2021-12,NV,2500.0,2500.0,1
2021-12,NY,14378.0,4792.666666666667,3
2021-12,OH,45100.0,11275.0,4
2021-12,OK,15000.0,15000.0,1
2021-12,OR,12500.0,6250.0,2
2021-12,PA,30000.0,15000.0,2
2021-12,SC,15000.0,15000.0,1
2021-12,TN,14950.0,2990.0,5
2021-12,TX,229737.93,8836.07423076923,26
2021-12,TX ,2950.0,2950.0,1
2021-12,UT,40500.0,8100.0,5
2021-12,VA,77314.99,9664.37375,8
2021-12,WI ,13644.77,13644.77,1
2021-12,WY,27500.0,9166.666666666666,3
2022-01,AZ,44875.95,7479.325,6
2022-01,CA,248500.0,19115.384615384617,13
2022-01,CO,15000.0,15000.0,1
2022-01,FL,76566.0,19141.5,4
2022-01,GA,298802.08,29880.208000000002,10
2022-01,IL,52500.0,10500.0,5
2022-01,IN,45000.0,15000.0,3
2022-01,KY,12500.0,6250.0,2
2022-01,ME,15000.0,15000.0,1
2022-01,MI,15000.0,15000.0,1
2022-01,MN,15000.0,15000.0,1
2022-01,MO,15000.0,15000.0,1
2022-01,MS,10000.0,10000.0,1
2022-01,NC,30990.0,7747.5,4
2022-01,NE,15000.0,15000.0,1
2022-01,NE ,56397.93,18799.31,3
2022-01,NJ,8338.0,4169.0,2
2022-01,NV,7874.5,1124.9285714285713,7
2022-01,NY,2500.0,2500.0,1
2022-01,OH,94586.34,7275.872307692307,13
2022-01,OK,15000.0,15000.0,1
2022-01,OR,17557.05,5852.349999999999,3
2022-01,PA,30000.0,15000.0,2
2022-01,SC,757.5,757.5,1
2022-01,TN,61439.76,6143.976000000001,10
2022-01,TX,148994.04,13544.912727272727,11
2022-01,UT,54302.0,27151.0,2
2022-01,VA,82459.23000000001,11779.890000000001,7
2022-01,WI,17000.0,8500.0,2
2022-01,WY,131480.0,26296.0,5
2022-02,0,17500.0,8750.0,2
2022-02,AL,35000.0,8750.0,4
2022-02,AR,96178.88,32059.626666666667,3
2022-02,AZ,77279.2,38639.6,2
2022-02,CA,154045.0,15404.5,10
2022-02,CO ,7385.68,3692.84,2
2022-02,FL,98371.95,14053.135714285714,7
2022-02,GA,10689.75,5344.875,2
2022-02,IA,20000.0,10000.0,2
2022-02,ID,16070.0,5356.666666666667,3
2022-02,IL,121169.37,12116.937,10
2022-02,LA,15000.0,15000.0,1
2022-02,MD,77500.0,19375.0,4
2022-02,NC,32500.0,10833.333333333334,3
2022-02,NE ,35697.93,35697.93,1
2022-02,NM,85000.0,12142.857142857143,7
2022-02,NV,188343.85,37668.770000000004,5
2022-02,NY,54593.22,4963.02,11
2022-02,OH,34939.55,8734.8875,4
2022-02,OK,37656.0,7531.2,5
2022-02,OR,15000.0,15000.0,1
2022-02,PA,32500.0,10833.333333333334,3
2022-02,SC,27517.5,6879.375,4
2022-02,TN,80254.23,11464.89,7
2022-02,TX,294828.44,10919.571851851852,27
2022-02,UT,68720.6,34360.3,2
2022-02,VA,25003.0,12501.5,2
2022-02,WA,47500.0,11875.0,4
2022-02,WI,389.4,389.4,1
2022-02,WV,96120.0,24030.0,4
2022-02,WY,17500.0,8750.0,2
2022-03,0,17500.0,8750.0,2
2022-03,AL,74475.0,8275.0,9
2022-03,AR,101127.66,8427.305,12
2022-03,AZ,52982.5,8830.416666666666,6
2022-03,CA,160934.6,12379.584615384616,13
2022-03,FL,37500.0,9375.0,4
2022-03,GA,53092.75,13273.1875,4
2022-03,GA ,36095.0,18047.5,2
2022-03,IA,184906.96000000002,23113.370000000003,8
2022-03,ID,31069.6,10356.533333333333,3
2022-03,IL,145043.53,13185.775454545454,11
2022-03,IN,81500.0,9055.555555555555,9
2022-03,KS,32500.0,10833.333333333334,3
2022-03,KY,83115.51999999999,13852.586666666664,6
2022-03,LA,17500.0,8750.0,2
2022-03,MA,15000.0,15000.0,1
2022-03,MD,47500.0,7916.666666666667,6
2022-03,MI,17500.0,8750.0,2
2022-03,MO,17500.0,8750.0,2
2022-03,MS,50242.880000000005,6280.360000000001,8
2022-03,MT,17500.0,8750.0,2
2022-03,NC,17500.0,8750.0,2
2022-03,NC ,40000.0,40000.0,1
2022-03,NJ,130586.97,14509.663333333334,9
2022-03,NM,17500.0,8750.0,2
2022-03,NY,10009.5,2502.375,4
2022-03,OH,67359.0,13471.8,5
2022-03,OK,131377.5,16422.1875,8
2022-03,PA,71726.9,14345.38,5
2022-03,TN,5160.0,2580.0,2
2022-03,TX,358172.74,12791.88357142857,28
2022-03,UT,102500.0,20500.0,5
2022-03,VA,17500.0,8750.0,2
2022-03,WA,52500.0,8750.0,6
2022-03,WI,34445.2,6889.039999999999,5
2022-03,WY,35000.0,8750.0,4
2022-04,AL,2912.5,1456.25,2
2022-04,AR,5100.93,1700.3100000000002,3
2022-04,AZ,67500.0,9642.857142857143,7
2022-04,CA,288537.95,9016.8109375,32
2022-04,CO ,1323.0,1323.0,1
2022-04,GA,47600.8,23800.4,2
2022-04,IA,17500.0,8750.0,2
2022-04,IL,40000.0,8000.0,5
2022-04,IN,35851.5,7170.3,5
2022-04,KS,179551.91999999998,29925.319999999996,6
2022-04,KY,20000.0,10000.0,2
2022-04,LA,17500.0,8750.0,2
2022-04,MD,38988.84,19494.42,2
2022-04,MI,17500.0,8750.0,2
2022-04,MO,122566.5,12256.65,10
2022-04,MS,58075.0,9679.166666666666,6
2022-04,MS ,1000.0,1000.0,1
2022-04,NC ,1264.5,1264.5,1
2022-04,ND,17500.0,8750.0,2
2022-04,NJ,17500.0,8750.0,2
2022-04,NM,68655.74,68655.74,1
2022-04,NV,90000.0,30000.0,3
2022-04,NY,106979.22,15282.745714285715,7
2022-04,OH,17500.0,8750.0,2
2022-04,OK,35242.72,5873.786666666667,6
2022-04,PA,65933.65,8241.70625,8
2022-04,TX,127004.54,11545.867272727271,11
2022-04,UT,35000.0,8750.0,4
2022-04,WA,17500.0,8750.0,2
2022-04,WY,166261.22,16626.122,10
2022-05,0,17500.0,8750.0,2
2022-05,AL,35000.0,8750.0,4
2022-05,AZ,96345.5,10705.055555555555,9
2022-05,CA,152500.0,8472.222222222223,18
2022-05,CO ,2646.0,1323.0,2
2022-05,FL,17317.8,5772.599999999999,3
2022-05,GA,23092.75,5773.1875,4
2022-05,IL,71819.37,7979.929999999999,9
2022-05,IN,65000.0,10833.333333333334,6
2022-05,LA,370.0,185.0,2
2022-05,MD,55000.0,9166.666666666666,6
2022-05,MO,107645.34,15377.905714285715,7
2022-05,MT,17500.0,8750.0,2
2022-05,NC,75000.0,8333.333333333334,9
2022-05,NE,20000.0,10000.0,2
2022-05,NM,126740.16,21123.36,6
2022-05,NV,17500.0,8750.0,2
2022-05,OH,129420.0,25884.0,5
2022-05,OK,11194.0,5597.0,2
2022-05,PA,159512.68,9969.5425,16
2022-05,SC,41848.74,20924.37,2
2022-05,TN,52500.0,8750.0,6
2022-05,TX,83525.0,7593.181818181818,11
2022-05,UT,57531.0,8218.714285714286,7
2022-05,WY,4947.0,2473.5,2
2022-06,0,22800.0,7600.0,3
2022-06,AL,60060.69,6673.41,9
2022-06,AR,35000.0,8750.0,4
2022-06,AZ,255144.94,18224.63857142857,14
2022-06,CA,193361.5,8056.729166666667,24
2022-06,CO,102500.0,7884.615384615385,13
2022-06,GA,45000.0,9000.0,5
2022-06,GA ,51159.2,25579.6,2
2022-06,IL,911.0,911.0,1
2022-06,KS,54500.0,7785.714285714285,7
2022-06,KY,40000.0,8000.0,5
2022-06,MO,72837.56,14567.511999999999,5
2022-06,MS,17500.0,8750.0,2
2022-06,NC,50995.2,25497.6,2
2022-06,NC ,50000.0,50000.0,1
2022-06,NE,17500.0,8750.0,2
2022-06,NJ,17500.0,8750.0,2
2022-06,NM,66292.0,13258.4,5
2022-06,NV,22514.190000000002,5628.547500000001,4
2022-06,NY,66677.7,7408.633333333333,9
2022-06,OH,55000.0,7857.142857142857,7
2022-06,OK,17500.0,8750.0,2
2022-06,PA,75782.6,10826.085714285715,7
2022-06,SC,17500.0,8750.0,2
2022-06,TN,30000.0,7500.0,4
2022-06,TX,60000.0,10000.0,6
2022-06,UT,71834.14,7183.414,10
2022-06,VA,56750.630000000005,7093.828750000001,8
2022-06,WA,35000.0,8750.0,4
2022-06,WI,945.64,315.2133333333333,3
2022-06,WY,107500.0,35833.333333333336,3
2022-07,0,10499.78,5249.89,2
2022-07,AL,17500.0,8750.0,2
2022-07,AZ,18050.0,6016.666666666667,3
2022-07,CA,291516.12,8097.67,36
2022-07,CO,143878.2,15986.466666666667,9
2022-07,GA,71742.0,23914.0,3
2022-07,IA,17500.0,8750.0,2
2022-07,IL,139811.11,13981.110999999999,10
2022-07,IN,31303.62,5217.2699999999995,6
2022-07,KS,29103.05,14551.525,2
2022-07,KY,17500.0,8750.0,2
2022-07,LA,55000.0,9166.666666666666,6
2022-07,ME,17500.0,8750.0,2
2022-07,MI,35000.0,8750.0,4
2022-07,MN,17500.0,8750.0,2
2022-07,MO,258025.53999999998,23456.86727272727,11
2022-07,MS,58737.58,7342.1975,8
2022-07,NC ,602.0,602.0,1
2022-07,NE,99925.55,9992.555,10
2022-07,NV,7500.0,3750.0,2
2022-07,NY,38151.3,6358.55,6
2022-07,OH,17500.0,8750.0,2
2022-07,OK,45000.0,9000.0,5
2022-07,PA,69280.95999999999,17320.239999999998,4
2022-07,TN,102500.0,34166.666666666664,3
2022-07,TX,35000.0,8750.0,4
2022-07,VA,60927.0,12185.4,5
2022-08,AL,160104.22,10006.51375,16
2022-08,AR,35000.0,8750.0,4
2022-08,AZ,25000.0,6250.0,4
2022-08,CA,348957.26,8115.28511627907,43
2022-08,CO,54500.0,18166.666666666668,3
2022-08,FL,52500.0,8750.0,6
2022-08,GA,70000.0,8750.0,8
2022-08,IL,1100.0,550.0,2
2022-08,IN,53640.11,5960.012222222223,9
2022-08,LA,28965.0,7241.25,4
2022-08,MD,55500.0,11100.0,5
2022-08,MO,24700.0,6175.0,4
2022-08,NC,85139.38,8513.938,10
2022-08,NE,40266.82,10066.705,4
2022-08,NJ,5217.5,1739.1666666666667,3
2022-08,NM,17500.0,8750.0,2
2022-08,NV,19227.05,6409.016666666666,3
2022-08,NY,66603.4,9514.771428571428,7
2022-08,OH,72789.3,24263.100000000002,3
2022-08,OK,30000.0,7500.0,4
2022-08,OR,17500.0,8750.0,2
2022-08,PA,41100.0,5137.5,8
2022-08,SC,52500.0,8750.0,6
2022-08,TN,148613.75,18576.71875,8
2022-08,TX,10000.0,10000.0,1
2022-08,UT,29597.67,3699.70875,8
2022-08,VA,54000.0,54000.0,1
2022-08,WA,52500.0,8750.0,6
2022-08,WY,17500.0,8750.0,2
2022-09,0,17500.0,8750.0,2
2022-09,AL,38570.0,7714.0,5
2022-09,AR,29162.5,7290.625,4
2022-09,AZ,39236.68,13078.893333333333,3
2022-09,CA,145000.0,8529.411764705883,17
2022-09,CO,22354.0,7451.333333333333,3
2022-09,GA,93163.0,15527.166666666666,6
2022-09,IL,70000.0,8750.0,8
2022-09,IN,136529.58000000002,11377.465000000002,12
2022-09,KS,46603.05,11650.7625,4
2022-09,KY,107500.0,13437.5,8
2022-09,LA,17500.0,8750.0,2
2022-09,MD,29914.0,5982.8,5
2022-09,MN,17500.0,8750.0,2
2022-09,MS,200712.57,28673.22428571429,7
2022-09,NC,82911.82,10363.9775,8
2022-09,NE,17500.0,8750.0,2
2022-09,NM,35000.0,8750.0,4
2022-09,NY,17500.0,8750.0,2
2022-09,OH,37500.0,7500.0,5
2022-09,OK,10000.0,5000.0,2
2022-09,OR,17500.0,8750.0,2
2022-09,PA,133440.0,10264.615384615385,13
2022-09,SC,8150.0,8150.0,1
2022-09,TN,55000.0,9166.666666666666,6
2022-09,TX,80146.0,8905.111111111111,9
2022-09,VA,88461.47,22115.3675,4
2022-09,WA,32500.0,10833.333333333334,3
2022-09,WI,17500.0,8750.0,2
2022-10,AL,35000.0,8750.0,4
2022-10,AR,54824.399999999994,7832.057142857142,7
2022-10,AZ,61211.04,12242.208,5
2022-10,CA,222151.95,9256.331250000001,24
2022-10,FL,98768.29000000001,9876.829000000002,10
2022-10,GA,106763.0,11862.555555555555,9
2022-10,IL,35000.0,8750.0,4
2022-10,IN,43985.0,43985.0,1
2022-10,KY,52500.0,7500.0,7
2022-10,LA,20000.0,10000.0,2
2022-10,MO,17500.0,8750.0,2
2022-10,MS,17500.0,8750.0,2
2022-10,NC,54715.12,18238.373333333333,3
2022-10,NE,39957.91,7991.582,5
2022-10,NJ,17500.0,8750.0,2
2022-10,NM,59059.25,19686.416666666668,3
2022-10,NV,17500.0,8750.0,2
2022-10,NY,35000.0,8750.0,4
2022-10,OH,17500.0,8750.0,2
2022-10,OK,73000.0,12166.666666666666,6
2022-10,PA,162803.66,14800.332727272727,11
2022-10,SC,1103.5,1103.5,1
2022-10,TN,17500.0,8750.0,2
2022-10,TX,85000.0,8500.0,10
2022-10,UT,17500.0,8750.0,2
2022-10,VA,52500.0,8750.0,6
2022-10,WA,59827.1,6647.455555555555,9
2022-10,WI,17500.0,8750.0,2
2022-10,WV,35000.0,8750.0,4
2022-10,WY,62140.0,7767.5,8
2022-11,AL,79495.0,7226.818181818182,11
2022-11,AR,22500.0,7500.0,3
2022-11,AZ,51300.0,12825.0,4
2022-11,CA,85613.25,7783.022727272727,11
2022-11,CO,28500.0,14250.0,2
2022-11,FL,35000.0,8750.0,4
2022-11,GA,41305.32,6884.22,6
2022-11,IL,17500.0,8750.0,2
2022-11,IN,63277.25,5752.477272727273,11
2022-11,KS,17500.0,8750.0,2
2022-11,KY,181080.0,12072.0,15
2022-11,LA,35000.0,8750.0,4
2022-11,MD,15000.0,15000.0,1
2022-11,MN,51518.94,6439.8675,8
2022-11,MO,95500.0,31833.333333333332,3
2022-11,MT,17500.0,8750.0,2
2022-11,NC,35000.0,8750.0,4
2022-11,ND,17500.0,8750.0,2
2022-11,NE,74909.94,7490.994000000001,10
2022-11,NJ,17500.0,8750.0,2
2022-11,NV,17500.0,8750.0,2
2022-11,OH,35000.0,8750.0,4
2022-11,OR,17500.0,8750.0,2
2022-11,PA,91023.5,10113.722222222223,9
2022-11,TX,87079.04000000001,8707.904,10
2022-11,VA,17500.0,8750.0,2
2022-11,WV,25000.0,6250.0,4
2022-11,WY,149950.43,7140.496666666666,21
2022-12,AL,62500.0,20833.333333333332,3
2022-12,AZ,35000.0,8750.0,4
2022-12,CA,317500.0,18676.470588235294,17
2022-12,CO ,14987.0,7493.5,2
2022-12,FL,72500.0,9062.5,8
2022-12,GA,53800.0,6725.0,8
2022-12,IA,17500.0,8750.0,2
2022-12,ID,35000.0,8750.0,4
2022-12,IL,51128.24,8521.373333333333,6
2022-12,IN,71385.0,14277.0,5
2022-12,KY,41861.68,20930.84,2
2022-12,LA,13354.0,6677.0,2
2022-12,MD,17500.0,8750.0,2
2022-12,MO,17500.0,8750.0,2
2022-12,MS,23997.75,4799.55,5
2022-12,NC,62500.0,8928.57142857143,7
2022-12,NE,17500.0,8750.0,2
2022-12,NM,17500.0,8750.0,2
2022-12,NV,137500.0,27500.0,5
2022-12,NY,17500.0,8750.0,2
2022-12,OH,60528.6,10088.1,6
2022-12,OK,734.0,367.0,2
2022-12,OR,35000.0,8750.0,4
2022-12,PA,38411.0,5487.285714285715,7
2022-12,SC,40207.18,6701.196666666667,6
2022-12,TN,17500.0,8750.0,2
2022-12,TX,87500.0,8750.0,10
2022-12,VA,75768.5,7576.85,10
2022-12,WA,186152.5,16922.954545454544,11
2022-12,WI,6597.09,3298.545,2
2022-12,WV,45000.0,9000.0,5
2022-12,WY,189563.0,15796.916666666666,12
2023-01,AL,100364.39,12545.54875,8
2023-01,AZ,49763.8,9952.76,5
2023-01,CA,234885.13,8699.44925925926,27
2023-01,CO,17500.0,8750.0,2
2023-01,CO ,22776.0,5694.0,4
2023-01,FL,52500.0,8750.0,6
2023-01,GA,35000.0,8750.0,4
2023-01,IL,29937.829999999998,5987.566,5
2023-01,IN,100100.51000000001,6256.281875000001,16
2023-01,KS,37500.0,9375.0,4
2023-01,LA,29354.0,9784.666666666666,3
2023-01,MN,52500.0,8750.0,6
2023-01,MO,89610.0,8961.0,10
2023-01,MT,81447.67,9049.74111111111,9
2023-01,NC,42855.0,6122.142857142857,7
2023-01,NE,102500.0,34166.666666666664,3
2023-01,NH,17500.0,8750.0,2
2023-01,NM,251800.0,35971.42857142857,7
2023-01,NY,141990.8,20284.399999999998,7
2023-01,OH,52500.0,8750.0,6
2023-01,OK,35000.0,8750.0,4
2023-01,OR,40000.0,8000.0,5
2023-01,PA,128890.0,11717.272727272728,11
2023-01,SC,224792.0,17291.69230769231,13
2023-01,TN,55000.0,9166.666666666666,6
2023-01,TX,277997.16000000003,16352.77411764706,17
2023-01,UT,17500.0,8750.0,2
2023-01,VA,53354.25,4850.386363636364,11
2023-01,WA,98342.43,24585.6075,4
2023-01,WI,17500.0,8750.0,2
2023-01,WV,35000.0,8750.0,4
2023-01,WY,83376.16,20844.04,4
2023-02,AL,35000.0,8750.0,4
2023-02,CA,195690.22,8153.759166666667,24
2023-02,CT,17500.0,8750.0,2
2023-02,GA,62500.0,8928.57142857143,7
2023-02,IL,17500.0,8750.0,2
2023-02,IN,60984.2,7623.025,8
2023-02,KS,46400.0,6628.571428571428,7
2023-02,ME,17500.0,8750.0,2
2023-02,MI,17500.0,8750.0,2
2023-02,MN,42500.0,8500.0,5
2023-02,MO,119606.28,9967.19,12
2023-02,NC,93595.68,9359.568,10
2023-02,NE,123715.0,20619.166666666668,6
2023-02,NH,17500.0,8750.0,2
2023-02,NM,344630.27,19146.126111111113,18
2023-02,NV,110994.95,18499.158333333333,6
2023-02,NY,17500.0,8750.0,2
2023-02,OH,95413.17,7339.474615384615,13
2023-02,OK,74500.0,8277.777777777777,9
2023-02,OR,123980.0,13775.555555555555,9
2023-02,PA,41998.2,6999.7,6
2023-02,SC,19689.27,3937.8540000000003,5
2023-02,TN,33264.630000000005,8316.157500000001,4
2023-02,TX,313622.3,9503.70606060606,33
2023-02,WA,22840.23,11420.115,2
2023-02,WI,9131.91,2282.9775,4
2023-02,WV,41969.54,8393.908,5
2023-03,AL,36380.0,4042.222222222222,9
2023-03,AZ,95000.0,9500.0,10
2023-03,CA,590120.16,12294.17,48
2023-03,CO,66862.2,6686.219999999999,10
2023-03,CO ,4863.39,4863.39,1
2023-03,FL,101000.0,8416.666666666666,12
2023-03,GA,31729.11,5288.185,6
2023-03,IA,17500.0,8750.0,2
2023-03,IL,22953.0,5738.25,4
2023-03,IN,111428.59,12380.954444444444,9
2023-03,KY,35762.0,8940.5,4
2023-03,MA,17500.0,8750.0,2
2023-03,MN,85000.0,8500.0,10
2023-03,MO,44345.0,14781.666666666666,3
2023-03,NC,11359.5,1893.25,6
2023-03,ND,17500.0,8750.0,2
2023-03,NE,17500.0,8750.0,2
2023-03,NV,77500.0,19375.0,4
2023-03,NY,17500.0,8750.0,2
2023-03,OH,56276.83,7034.60375,8
2023-03,OK,214713.18,23857.02,9
2023-03,PA,17500.0,8750.0,2
2023-03,TN,160098.14,10673.209333333334,15
2023-03,TX,333620.0,11504.137931034482,29
2023-03,VA,17500.0,8750.0,2
2023-03,WA,126974.97,25394.994,5
2023-03,WI,200.0,100.0,2
2023-03,WV,17500.0,8750.0,2
2023-03,WY,59328.7,7416.0875,8
2023-04,0,52500.0,8750.0,6
2023-04,AL,130164.81,14462.756666666666,9
2023-04,AR,17500.0,8750.0,2
2023-04,AZ,390202.58999999997,39020.259,10
2023-04,CA,309879.15,12395.166000000001,25
2023-04,CO,9247.0,4623.5,2
2023-04,FL,43165.0,7194.166666666667,6
2023-04,GA,19615.0,4903.75,4
2023-04,IA,8385.76,2096.44,4
2023-04,IL,40263.5,6710.583333333333,6
2023-04,IN,48586.09,12146.5225,4
2023-04,KY,52500.0,8750.0,6
2023-04,LA,64512.0,12902.4,5
2023-04,MD,50508.33,25254.165,2
2023-04,ME,77298.56,12883.093333333332,6
2023-04,MO,20000.0,10000.0,2
2023-04,NE,57092.0,14273.0,4
2023-04,NJ,107500.0,13437.5,8
2023-04,NM,18130.0,4532.5,4
2023-04,NV,52680.0,8780.0,6
2023-04,NY,195100.02,17736.365454545452,11
2023-04,OH,32500.0,10833.333333333334,3
2023-04,OK,97340.0,8849.09090909091,11
2023-04,OR,52500.0,8750.0,6
2023-04,PA,53490.0,6686.25,8
2023-04,SC,17500.0,8750.0,2
2023-04,TN,54500.0,7785.714285714285,7
2023-04,TX,287600.0,16917.647058823528,17
2023-04,VA,17500.0,8750.0,2
2023-04,WA,30555.05,6111.01,5
2023-04,WV,17500.0,8750.0,2
2023-04,WY,75657.4,15131.48,5
2023-05,0,17500.0,8750.0,2
2023-05,AL,137500.0,19642.85714285714,7
2023-05,AR,17500.0,8750.0,2
2023-05,CA,383633.35,9836.752564102564,39
2023-05,CO,13000.0,4333.333333333333,3
2023-05,FL,17500.0,8750.0,2
2023-05,GA,83600.0,10450.0,8
2023-05,IA,45742.64,5717.83,8
2023-05,IL,69629.05,6329.913636363636,11
2023-05,IN,17500.0,8750.0,2
2023-05,KY,531641.5800000001,59071.286666666674,9
2023-05,LA,17500.0,8750.0,2
2023-05,MO,70000.0,8750.0,8
2023-05,MS,35000.0,8750.0,4
2023-05,NC,17500.0,8750.0,2
2023-05,NE,22821.3,4564.26,5
2023-05,NJ,55000.0,9166.666666666666,6
2023-05,NM,17622.5,5874.166666666667,3
2023-05,NV,12000.0,12000.0,1
2023-05,NY,40836.52,40836.52,1
2023-05,OH,15697.24,7848.62,2
2023-05,OK,127991.06,7999.44125,16
2023-05,OR,75000.0,8333.333333333334,9
2023-05,PA,74100.0,8233.333333333334,9
2023-05,TN,30768.7,7692.175,4
2023-05,TX,267258.0,9544.92857142857,28
2023-05,UT,18030.0,4507.5,4
2023-05,VA,66490.18,6649.017999999999,10
2023-05,WA,17500.0,8750.0,2
2023-05,WI,17500.0,8750.0,2
2023-05,WV,26488.2,6622.05,4
2023-06,AL,140000.0,20000.0,7
2023-06,AR,17500.0,8750.0,2
2023-06,AZ,78531.31,13088.551666666666,6
2023-06,CA,290369.93,10754.441851851852,27
2023-06,CO,27500.0,9166.666666666666,3
2023-06,CO ,68964.0,22988.0,3
2023-06,FL,50968.8,10193.76,5
2023-06,GA,58507.21,9751.201666666666,6
2023-06,IA,18384.29,6128.096666666667,3
2023-06,IL,37500.0,9375.0,4
2023-06,IN,121180.0,20196.666666666668,6
2023-06,KS,17500.0,8750.0,2
2023-06,KY,50127.44,10025.488000000001,5
2023-06,MD,115900.0,23180.0,5
2023-06,MI,11499.68,5749.84,2
2023-06,MN,74000.0,14800.0,5
2023-06,MO,175162.0,13474.0,13
2023-06,MO ,64370.91,12874.182,5
2023-06,MS,17500.0,8750.0,2
2023-06,NC,52500.0,8750.0,6
2023-06,NE,263679.61,18834.257857142857,14
2023-06,NJ,35625.0,5089.285714285715,7
2023-06,NM,202535.41999999998,28933.631428571425,7
2023-06,NV,44443.8,11110.95,4
2023-06,NY,67711.51999999999,16927.879999999997,4
2023-06,OH,49852.0,4985.2,10
2023-06,OK,30000.0,7500.0,4
2023-06,OR,163835.95,18203.994444444445,9
2023-06,PA,215228.74,19566.24909090909,11
2023-06,TN,159900.0,8883.333333333334,18
2023-06,TX,315193.78,8518.750810810812,37
2023-06,VA,17500.0,8750.0,2
2023-06,WA,52500.0,8750.0,6
2023-06,WV,17500.0,8750.0,2
2023-07,AL,235783.6,39297.26666666667,6
2023-07,AR,71300.0,17825.0,4
2023-07,AZ,293531.31,22579.331538461538,13
2023-07,CA,256856.76,6586.07076923077,39
2023-07,CO ,10000.0,10000.0,1
2023-07,CT,17500.0,8750.0,2
2023-07,FL,77013.17,9626.64625,8
2023-07,GA,36200.0,18100.0,2
2023-07,IA,168098.0,12007.0,14
2023-07,ID,17500.0,8750.0,2
2023-07,IL,143478.0,11036.76923076923,13
2023-07,IN,57442.5,6382.5,9
2023-07,LA,176819.18,17681.917999999998,10
2023-07,ME,20000.0,10000.0,2
2023-07,MN,27500.0,9166.666666666666,3
2023-07,MO,253591.85,15849.490625,16
2023-07,MO ,12500.0,6250.0,2
2023-07,MS,27500.0,6875.0,4
2023-07,NC,17500.0,8750.0,2
2023-07,NH,17500.0,8750.0,2
2023-07,NJ,35000.0,8750.0,4
2023-07,NM,217708.47,10885.4235,20
2023-07,NV,33526.71,8381.6775,4
2023-07,OH,26168.0,6542.0,4
2023-07,OK,18421.6,4605.4,4
2023-07,OR,17500.0,8750.0,2
2023-07,PA,451241.0,32231.5,14
2023-07,TN,167368.5,13947.375,12
2023-07,TX,260070.87,9288.245357142858,28
2023-07,UT,17500.0,8750.0,2
2023-07,VA,73020.0,7302.0,10
2023-07,WA,33195.05,5532.508333333334,6
2023-07,WI,17500.0,8750.0,2
2023-08,AL,42765.0,10691.25,4
2023-08,AR,71297.76000000001,23765.920000000002,3
2023-08,AZ,78599.0,7859.9,10
2023-08,CA,314220.75,10835.198275862069,29
2023-08,CO,35000.0,8750.0,4
2023-08,FL,70000.0,8750.0,8
2023-08,IA,136222.69,19460.384285714284,7
2023-08,IL,192506.82,10131.937894736842,19
2023-08,IN,190000.0,23750.0,8
2023-08,KS,119000.0,11900.0,10
2023-08,LA,36081.0,4009.0,9
2023-08,MA,35000.0,8750.0,4
2023-08,MI,35000.0,8750.0,4
2023-08,MN,124450.01,10370.834166666666,12
2023-08,MO,75285.0,6844.090909090909,11
2023-08,MS,22339.19,7446.3966666666665,3
2023-08,NC,82500.0,10312.5,8
2023-08,ND,30000.0,7500.0,4
2023-08,NE,408400.0,58342.857142857145,7
2023-08,NJ,96350.0,13764.285714285714,7
2023-08,NM,174023.25,15820.295454545454,11
2023-08,NV,18600.0,4650.0,4
2023-08,NY,17500.0,8750.0,2
2023-08,OH,208406.66999999998,12259.21588235294,17
2023-08,OK,35000.0,8750.0,4
2023-08,OR,83099.32,10387.415,8
2023-08,PA,86148.12,7179.009999999999,12
2023-08,SC,17500.0,8750.0,2
2023-08,TN,95031.98,6335.465333333333,15
2023-08,TX,398653.0,11390.085714285715,35
2023-08,TX ,5742.5,2871.25,2
2023-08,UT,35000.0,8750.0,4
2023-08,VA,83000.0,9222.222222222223,9
2023-08,WA,35500.0,5916.666666666667,6
2023-08,WI,35000.0,8750.0,4
2023-08,WY,35000.0,8750.0,4
2023-09,AL,292883.6,24406.966666666664,12
2023-09,AR,65000.0,8125.0,8
2023-09,AZ,118249.76,9096.135384615383,13
2023-09,CA,359414.96,10571.028235294118,34
2023-09,CO ,110000.0,55000.0,2
2023-09,CT,17500.0,8750.0,2
2023-09,FL,75000.0,7500.0,10
2023-09,GA,105000.0,8750.0,12
2023-09,ID,17500.0,8750.0,2
2023-09,IL,202542.23,13502.815333333334,15
2023-09,IN,52500.0,8750.0,6
2023-09,KS,35000.0,8750.0,4
2023-09,KY,27500.0,6875.0,4
2023-09,LA,17500.0,8750.0,2
2023-09,MA,17500.0,8750.0,2
2023-09,MI,65000.0,8125.0,8
2023-09,MO,102777.88,6851.858666666667,15
2023-09,MS,17500.0,8750.0,2
2023-09,NC,55000.0,9166.666666666666,6
2023-09,ND,111740.0,27935.0,4
2023-09,NE,17500.0,8750.0,2
2023-09,NJ,74683.45999999999,10669.065714285713,7
2023-09,NM,17500.0,8750.0,2
2023-09,NV,35000.0,8750.0,4
2023-09,NY,18600.0,4650.0,4
2023-09,OH,153160.0,19145.0,8
2023-09,OK,35000.0,8750.0,4
2023-09,OR,138340.68,15371.186666666666,9
2023-09,PA,93267.01,6661.9292857142855,14
2023-09,SC,35000.0,8750.0,4
2023-09,TN,256204.94,15070.878823529412,17
2023-09,TX,246644.63,8504.987241379311,29
2023-09,UT,135480.0,15053.333333333334,9
2023-09,VA,30000.0,7500.0,4
2023-09,WA,187965.03,20885.003333333334,9
2023-09,WV,35000.0,8750.0,4
2023-09,WY,18544.510000000002,6181.503333333334,3
2023-10,AL,129261.82,11751.074545454547,11
2023-10,AR,57694.21,19231.403333333332,3
2023-10,AZ,79051.7,8783.522222222222,9
2023-10,CA,436842.92000000004,16801.65076923077,26
2023-10,CO,17500.0,8750.0,2
2023-10,CT,17500.0,8750.0,2
2023-10,FL,70000.0,8750.0,8
2023-10,GA,71966.76,11994.46,6
2023-10,IL,335535.60000000003,16776.780000000002,20
2023-10,IN,353429.02,14726.209166666667,24
2023-10,KS,69903.09,4660.206,15
2023-10,KY,1440.0,360.0,4
2023-10,LA,132711.87,9479.419285714286,14
2023-10,MA,52500.0,8750.0,6
2023-10,ME,17500.0,8750.0,2
2023-10,MI,17500.0,8750.0,2
2023-10,MN,17500.0,8750.0,2
2023-10,MO,189894.50999999998,18989.450999999997,10
2023-10,MS,13670.05,6835.025,2
2023-10,MT,37500.0,9375.0,4
2023-10,NC,181566.0,15130.5,12
2023-10,NE,70000.0,10000.0,7
2023-10,NJ,56758.79,14189.6975,4
2023-10,NM,200624.0,20062.4,10
2023-10,NV,3376.96,675.392,5
2023-10,NY,4500.0,4500.0,1
2023-10,OH,171872.09,10742.005625,16
2023-10,OK,36100.0,6016.666666666667,6
2023-10,PA,282167.91,10852.611923076922,26
2023-10,SC,60764.41,7595.55125,8
2023-10,TN,108881.67,6404.804117647059,17
2023-10,TX,543006.08,10245.397735849056,53
2023-10,UT,81090.0,8109.0,10
2023-10,VA,76500.0,6954.545454545455,11
2023-10,WI,17500.0,8750.0,2
2023-11,AL,24055.0,6013.75,4
2023-11,AR,47500.0,7916.666666666667,6
2023-11,AZ,111334.04000000001,18555.673333333336,6
2023-11,CA,297016.08,9581.163870967743,31
2023-11,CO ,2844.32,1422.16,2
2023-11,CT,35807.07,8951.7675,4
2023-11,FL,35000.0,8750.0,4
2023-11,GA,17500.0,8750.0,2
2023-11,IL,211057.0,9176.391304347826,23
2023-11,IN,77763.36,6480.28,12
2023-11,KS,17500.0,8750.0,2
2023-11,KY,25000.0,12500.0,2
2023-11,LA,38936.55,19468.275,2
2023-11,MA,17500.0,8750.0,2
2023-11,MD,35000.0,8750.0,4
2023-11,MI,56845.229999999996,7105.6537499999995,8
2023-11,MN,100.0,100.0,1
2023-11,MO,41358.0,10339.5,4
2023-11,MT,80839.68,11548.525714285714,7
2023-11,NC,35000.0,8750.0,4
2023-11,ND,68340.0,22780.0,3
2023-11,NE,17600.0,5866.666666666667,3
2023-11,NH,17500.0,8750.0,2
2023-11,NJ,87250.0,7270.833333333333,12
2023-11,NM,17500.0,8750.0,2
2023-11,NV,42000.0,7000.0,6
2023-11,NY,35000.0,8750.0,4
2023-11,OH,86713.59,7883.053636363636,11
2023-11,OK,91311.79000000001,8301.07181818182,11
2023-11,OR,67954.2,9707.742857142857,7
2023-11,PA,130000.0,9285.714285714286,14
2023-11,SC,17500.0,8750.0,2
2023-11,TN,201691.29,10084.5645,20
2023-11,TX,241162.12,8612.932857142858,28
2023-11,UT,1216.0,1216.0,1
2023-11,VA,130222.93,14469.214444444444,9
2023-11,WA,500.0,250.0,2
2023-11,WV,34985.61,6997.122,5
2023-12,AL,32244.899999999998,5374.15,6
2023-12,AR,32038.35,5339.724999999999,6
2023-12,AZ,2020.28,2020.28,1
2023-12,CA,526984.74,10134.321923076923,52
2023-12,CO,155637.66999999998,31127.533999999996,5
2023-12,FL,137500.0,8593.75,16
2023-12,GA,35000.0,8750.0,4
2023-12,IA,17500.0,8750.0,2
2023-12,IL,105337.84,8102.910769230769,13
2023-12,IN,55322.740000000005,6915.342500000001,8
2023-12,KS,124868.8,24973.760000000002,5
2023-12,KY,29057.05,4842.841666666666,6
2023-12,LA,56986.55,11397.310000000001,5
2023-12,MA,17500.0,8750.0,2
2023-12,MD,95350.0,10594.444444444445,9
2023-12,MI,32500.0,10833.333333333334,3
2023-12,MN,264341.26,22028.438333333335,12
2023-12,MO,137227.24,9801.945714285714,14
2023-12,MS,17500.0,8750.0,2
2023-12,NC,35000.0,8750.0,4
2023-12,ND,22169.0,11084.5,2
2023-12,NH,74700.0,10671.42857142857,7
2023-12,NJ,280203.8,25473.072727272727,11
2023-12,NM,52500.0,8750.0,6
2023-12,NY,52500.0,8750.0,6
2023-12,OH,136185.56,9727.539999999999,14
2023-12,OK,183775.16,14136.55076923077,13
2023-12,OR,35000.0,8750.0,4
2023-12,PA,42985.0,5373.125,8
2023-12,SC,17500.0,8750.0,2
2023-12,TN,35000.0,8750.0,4
2023-12,TX,718150.49,13057.281636363636,55
2023-12,UT,150335.48,25055.913333333334,6
2023-12,VA,50327.91,10065.582,5
2023-12,WA,35000.0,8750.0,4
2023-12,WY,32500.0,10833.333333333334,3
2024-01,AL,74733.77,7473.377,10
2024-01,AZ,17500.0,8750.0,2
2024-01,CA,345122.0,12325.785714285714,28
2024-01,CO,10164.25,5082.125,2
2024-01,CT,57840.0,8262.857142857143,7
2024-01,FL,100784.85,7752.680769230769,13
2024-01,GA,249562.17,27729.13,9
2024-01,IA,17500.0,8750.0,2
2024-01,IL,71329.45999999999,5944.121666666666,12
2024-01,IN,78259.09,8695.454444444444,9
2024-01,KS,117500.0,39166.666666666664,3
2024-01,KY,65000.0,10833.333333333334,6
2024-01,LA,383336.45,27381.175,14
2024-01,MA,59485.700000000004,8497.957142857143,7
2024-01,MD,17500.0,8750.0,2
2024-01,ME,17500.0,8750.0,2
2024-01,MI,200000.0,40000.0,5
2024-01,MN,17500.0,8750.0,2
2024-01,MO,75530.0,12588.333333333334,6
2024-01,MS,103730.9,9430.081818181818,11
2024-01,MT,15000.0,15000.0,1
2024-01,NC,35265.0,7053.0,5
2024-01,NE,53421.13,7631.589999999999,7
2024-01,NH,75760.36,25253.453333333335,3
2024-01,NM,78041.88,11148.84,7
2024-01,NV,17500.0,8750.0,2
2024-01,NY,35000.0,8750.0,4
2024-01,OH,154018.11000000002,8106.216315789475,19
2024-01,OK,145000.0,18125.0,8
2024-01,OR,136149.0,10473.0,13
2024-01,PA,356577.99,23771.865999999998,15
2024-01,SC,18171.1,9085.55,2
2024-01,TN,40200.0,6700.0,6
2024-01,TX,560319.84,10005.711428571429,56
2024-01,UT,62582.759999999995,8940.394285714285,7
2024-01,VA,243662.16999999998,18743.243846153844,13
2024-01,WA,96743.86,9674.386,10
2024-01,WI,17500.0,8750.0,2
2024-01,WV,17500.0,8750.0,2
2024-01,WY,62807.5,6978.611111111111,9
2024-02,AL,105913.98,10591.398,10
2024-02,AR,84362.7,16872.54,5
2024-02,AZ,17500.0,8750.0,2
2024-02,CA,349498.61,9197.331842105263,38
2024-02,CO,87500.0,8750.0,10
2024-02,FL,80030.0,11432.857142857143,7
2024-02,GA,85633.52,8563.352,10
2024-02,IA,76500.0,15300.0,5
2024-02,IL,107529.5,8271.5,13
2024-02,IN,209505.06,13967.003999999999,15
2024-02,KS,35000.0,8750.0,4
2024-02,KY,9233.0,4616.5,2
2024-02,LA,98274.8,19654.96,5
2024-02,MA,38492.85,9623.2125,4
2024-02,ME,28229.38,5645.876,5
2024-02,MI,17500.0,8750.0,2
2024-02,MO,324557.08,13523.211666666668,24
2024-02,MS,49273.14,6159.1425,8
2024-02,MT,2500.0,2500.0,1
2024-02,NC,72500.0,9062.5,8
2024-02,ND,17500.0,8750.0,2
2024-02,NE,52010.64,10402.128,5
2024-02,NJ,17500.0,8750.0,2
2024-02,NM,555397.5,30855.416666666668,18
2024-02,NY,52500.0,8750.0,6
2024-02,OH,130757.68,7691.628235294117,17
2024-02,OK,173528.39,14460.699166666667,12
2024-02,OR,55000.0,9166.666666666666,6
2024-02,PA,146620.57,8145.587222222222,18
2024-02,SC,35603.3,5086.185714285714,7
2024-02,TN,228296.58,9131.8632,25
2024-02,TX,639468.77,12789.3754,50
2024-02,TX ,5000.0,5000.0,1
2024-02,UT,60000.0,10000.0,6
2024-02,VA,150298.0,12524.833333333334,12
2024-02,WA,17500.0,8750.0,2
2024-02,WV,169074.97,16907.497,10
2024-02,WY,42500.0,10625.0,4
2024-03,AL,103175.97,9379.633636363636,11
2024-03,AR,53190.1,7598.585714285714,7
2024-03,AZ,24376.52,4875.304,5
2024-03,CA,407004.32,11305.675555555556,36
2024-03,CO,30258.1,5043.016666666666,6
2024-03,CT,17500.0,8750.0,2
2024-03,DE,17500.0,8750.0,2
2024-03,FL,193834.36,10768.575555555555,18
2024-03,GA,52500.0,8750.0,6
2024-03,IA,50886.8,25443.4,2
2024-03,ID,17500.0,8750.0,2
2024-03,IL,100651.39,6710.092666666666,15
2024-03,IN,23934.0,5983.5,4
2024-03,KS,64400.0,10733.333333333334,6
2024-03,KY,177066.97,11066.685625,16
2024-03,MA,17500.0,8750.0,2
2024-03,MD,35000.0,8750.0,4
2024-03,ME,18845.82,6281.94,3
2024-03,MN,9186.0,3062.0,3
2024-03,MO,98824.8,14117.828571428572,7
2024-03,NC,27524.0,9174.666666666666,3
2024-03,NE,56573.2,8081.885714285714,7
2024-03,NJ,117765.0,9058.846153846154,13
2024-03,NM,292076.4,13276.2,22
2024-03,NV,35605.0,5086.428571428572,7
2024-03,NY,35440.0,7088.0,5
2024-03,OH,219734.22,14648.948,15
2024-03,OK,333682.51,27806.875833333335,12
2024-03,PA,57859.33,8265.618571428571,7
2024-03,TN,212605.88,15186.134285714286,14
2024-03,TX,756721.9299999999,11465.483787878788,66
2024-03,TX ,5000.0,5000.0,1
2024-03,UT,205684.18,29383.454285714284,7
2024-03,VA,83516.82,9279.646666666667,9
2024-03,WI,17500.0,8750.0,2
2024-03,WV,34676.5,8669.125,4
2024-03,WY,46049.619999999995,15349.873333333331,3
2024-04,AL,50000.0,10000.0,5
2024-04,AR,101906.98,8492.248333333333,12
2024-04,AZ,134361.3,14929.033333333333,9
2024-04,CA,664364.48,10715.556129032258,62
2024-04,CO,57275.520000000004,5727.552000000001,10
2024-04,FL,164213.63,8642.822631578947,19
2024-04,GA,99557.45,9050.677272727273,11
2024-04,IA,35000.0,8750.0,4
2024-04,IL,121202.16,10100.18,12
2024-04,IN,102282.0,9298.363636363636,11
2024-04,KS,102500.0,51250.0,2
2024-04,KY,17500.0,8750.0,2
2024-04,MA,35000.0,8750.0,4
2024-04,MD,17500.0,8750.0,2
2024-04,MI,17500.0,8750.0,2
2024-04,MN,17500.0,8750.0,2
2024-04,MO,139887.3,8742.95625,16
2024-04,MS,17500.0,8750.0,2
2024-04,MT,17500.0,8750.0,2
2024-04,NC,112524.0,11252.4,10
2024-04,NJ,37500.0,12500.0,3
2024-04,NM,1100.0,550.0,2
2024-04,NV,83400.0,9266.666666666666,9
2024-04,NY,215000.0,16538.46153846154,13
2024-04,OH,166353.0,11882.357142857143,14
2024-04,OK,93928.1,8538.918181818182,11
2024-04,OR,35000.0,8750.0,4
2024-04,PA,164581.0,8662.157894736842,19
2024-04,RI,17500.0,8750.0,2
2024-04,SC,90998.0,10110.888888888889,9
2024-04,TN,85459.23,7121.6025,12
2024-04,TX,701761.85,13760.036274509803,51
2024-04,TX ,1185.0,395.0,3
2024-04,UT,100.0,100.0,1
2024-04,VA,52500.0,8750.0,6
2024-04,WA,17500.0,8750.0,2
2024-04,WV,47645.0,15881.666666666666,3
2024-04,WY,35000.0,8750.0,4
2024-05,AL,98280.93,5460.051666666666,18
2024-05,AR,17500.0,8750.0,2
2024-05,AZ,52500.0,8750.0,6
2024-05,CA,449895.5,10224.897727272728,44
2024-05,DE,9017.66,4508.83,2
2024-05,FL,102500.0,9318.181818181818,11
2024-05,GA,215853.86,11991.88111111111,18
2024-05,IA,17500.0,8750.0,2
2024-05,ID,17500.0,8750.0,2
2024-05,IL,481280.76,12665.283157894737,38
2024-05,IN,79773.5,5698.107142857143,14
2024-05,KS,89575.0,11196.875,8
2024-05,KY,27500.0,9166.666666666666,3
2024-05,LA,49734.05,9946.810000000001,5
2024-05,MA,35000.0,8750.0,4
2024-05,MD,52500.0,8750.0,6
2024-05,ME,23010.0,4602.0,5
2024-05,MI,17500.0,8750.0,2
2024-05,MO,26100.0,4350.0,6
2024-05,MS,22500.0,7500.0,3
2024-05,MT,25000.0,12500.0,2
2024-05,NC,130803.1,11891.19090909091,11
2024-05,ND,35000.0,8750.0,4
2024-05,NE,17500.0,8750.0,2
2024-05,NJ,419582.45,12340.660294117648,34
2024-05,NM,213593.58,10679.679,20
2024-05,NV,250.0,250.0,1
2024-05,NY,183106.95,15258.9125,12
2024-05,OH,97010.4,19402.079999999998,5
2024-05,OK,131821.53,9415.823571428571,14
2024-05,OR,44750.0,7458.333333333333,6
2024-05,PA,265403.35,9829.753703703704,27
2024-05,SC,38207.28,5458.182857142857,7
2024-05,SD,17500.0,8750.0,2
2024-05,TN,123451.39,17635.912857142856,7
2024-05,TX,380005.71,9500.14275,40
2024-05,UT,152918.51,10194.567333333334,15
2024-05,VA,42500.0,10625.0,4
2024-05,VT,17500.0,8750.0,2
2024-05,WI,70000.0,8750.0,8
2024-05,WY,15000.0,15000.0,1
2024-06,AL,218229.25,10391.869047619048,21
2024-06,AR,73618.43,6692.584545454545,11
2024-06,AZ,111583.8,11158.380000000001,10
2024-06,CA,586177.31,13632.03046511628,43
2024-06,CO,35000.0,8750.0,4
2024-06,FL,158303.17,12177.166923076924,13
2024-06,GA,204348.78,9288.58090909091,22
2024-06,IA,69916.38,13983.276000000002,5
2024-06,IL,208224.34,8676.014166666666,24
2024-06,IN,70041.55,7004.155000000001,10
2024-06,KS,58208.979999999996,7276.1224999999995,8
2024-06,KY,168472.51,11231.500666666667,15
2024-06,MA,17479.92,17479.92,1
2024-06,MD,55000.0,11000.0,5
2024-06,ME,98002.14,14000.305714285714,7
2024-06,MN,17500.0,8750.0,2
2024-06,MO,67628.0,16907.0,4
2024-06,MS,16089.8,8044.9,2
2024-06,NC,321677.61,15317.981428571427,21
2024-06,NE,93500.0,23375.0,4
2024-06,NJ,117018.2,9751.516666666666,12
2024-06,NM,168734.56,18748.284444444445,9
2024-06,NV,57500.0,11500.0,5
2024-06,NY,105000.0,8750.0,12
2024-06,OH,133068.21,7827.541764705882,17
2024-06,OK,17500.0,8750.0,2
2024-06,PA,227575.2,16255.371428571429,14
2024-06,TN,83838.54000000001,8383.854000000001,10
2024-06,TX,381549.05,15261.962,25
2024-06,UT,53867.57,5985.285555555555,9
2024-06,VA,17500.0,8750.0,2
2024-06,WA,17500.0,8750.0,2
2024-06,WI,35000.0,8750.0,4
2024-06,WV,17500.0,8750.0,2
2024-07,AL,22940.0,2867.5,8
2024-07,AR,69071.70999999999,8633.963749999999,8
2024-07,AZ,308945.05,12357.802,25
2024-07,CA,436928.73,10161.133255813953,43
2024-07,CO,202000.0,13466.666666666666,15
2024-07,CT,52500.0,8750.0,6
2024-07,FL,236835.06,13931.474117647058,17
2024-07,GA,85000.0,9444.444444444445,9
2024-07,ID,180204.34,22525.5425,8
2024-07,IL,85000.0,10625.0,8
2024-07,IN,295931.96,18495.7475,16
2024-07,KS,17500.0,8750.0,2
2024-07,MA,68018.82,9716.974285714286,7
2024-07,MD,90488.45,11311.05625,8
2024-07,ME,17500.0,8750.0,2
2024-07,MO,97500.0,10833.333333333334,9
2024-07,MS,7554.5,2518.1666666666665,3
2024-07,NC,80323.28,7302.1163636363635,11
2024-07,ND,17500.0,8750.0,2
2024-07,NE,17500.0,8750.0,2
2024-07,NH,17500.0,8750.0,2
2024-07,NJ,35000.0,8750.0,4
2024-07,NM,52651.42,8775.236666666666,6
2024-07,NV,35000.0,8750.0,4
2024-07,NY,105000.0,8750.0,12
2024-07,OH,217800.0,10371.42857142857,21
2024-07,OK,98665.6,12333.2,8
2024-07,OR,17500.0,8750.0,2
2024-07,PA,216676.84,11404.044210526316,19
2024-07,SC,35000.0,8750.0,4
2024-07,TN,5000.0,2500.0,2
2024-07,TX,887178.28,14309.327096774194,62
2024-07,UT,54238.96,6779.87,8
2024-07,VA,238190.47,14011.20411764706,17
2024-07,WA,33562.0,6712.4,5
2024-07,WI,52500.0,8750.0,6
2024-07,WV,47500.0,11875.0,4
2024-07,WY,2500.0,2500.0,1
2024-08,AL,118000.0,9833.333333333334,12
2024-08,AR,35000.0,8750.0,4
2024-08,AZ,149000.04,8764.708235294118,17
2024-08,CA,578384.0,10147.087719298246,57
2024-08,CO,373600.0,23350.0,16
2024-08,CT,17500.0,8750.0,2
2024-08,FL,158620.1,7931.005,20
2024-08,GA,130900.0,8726.666666666666,15
2024-08,ID,17500.0,8750.0,2
2024-08,IL,64039.0,5821.727272727273,11
2024-08,IN,374576.0,13377.714285714286,28
2024-08,KY,17500.0,8750.0,2
2024-08,LA,24370.0,6092.5,4
2024-08,MA,60445.19,8635.027142857143,7
2024-08,MD,57000.0,8142.857142857143,7
2024-08,ME,72000.0,14400.0,5
2024-08,MI,37500.0,6250.0,6
2024-08,MO,235000.0,33571.42857142857,7
2024-08,MT,10157.65,5078.825,2
2024-08,NC,88250.0,12607.142857142857,7
2024-08,NE,82000.0,10250.0,8
2024-08,NH,10000.0,5000.0,2
2024-08,NJ,63919.96,7102.217777777778,9
2024-08,NM,260418.0,13706.21052631579,19
2024-08,NV,39720.74,6620.123333333333,6
2024-08,NY,118765.0,8483.214285714286,14
2024-08,OH,201470.0,8394.583333333334,24
2024-08,OK,67500.0,9642.857142857143,7
2024-08,OR,47500.0,11875.0,4
2024-08,PA,178623.95,8505.902380952382,21
2024-08,RI,17500.0,8750.0,2
2024-08,SC,80500.0,20125.0,4
2024-08,SD,6500.0,6500.0,1
2024-08,TN,207500.0,17291.666666666668,12
2024-08,TX,534376.38,9895.85888888889,54
2024-08,UT,17500.0,8750.0,2
2024-08,VA,313945.0,17441.38888888889,18
2024-08,WA,2500.0,2500.0,1
2024-08,WI,35000.0,11666.666666666666,3
2024-08,WV,44701.57,11175.3925,4
2024-09,AL,140842.71000000002,10060.193571428574,14
2024-09,AR,14300.0,4766.666666666667,3
2024-09,AZ,35124.3,5854.05,6
2024-09,CA,544985.01,9561.14052631579,57
2024-09,CO,182430.58000000002,18243.058,10
2024-09,FL,220072.53,10003.296818181818,22
2024-09,GA,55905.0,5590.5,10
2024-09,IA,22500.0,4500.0,5
2024-09,ID,10000.0,5000.0,2
2024-09,IL,315113.19,16584.904736842105,19
2024-09,IN,66275.0,7363.888888888889,9
2024-09,KS,37048.85,6174.808333333333,6
2024-09,KY,22954.73,4590.946,5
2024-09,LA,10000.0,5000.0,2
2024-09,MA,60969.92,6774.435555555556,9
2024-09,MD,47273.479999999996,5909.1849999999995,8
2024-09,ME,58248.4,5824.84,10
2024-09,MI,30000.0,6000.0,5
2024-09,MN,7951.0,2650.3333333333335,3
2024-09,MO,87481.99,9720.221111111112,9
2024-09,MT,138552.87,19793.26714285714,7
2024-09,NC,72895.42,6626.856363636363,11
2024-09,NE,125972.94,15746.6175,8
2024-09,NJ,105500.0,6593.75,16
2024-09,NM,29528.98,4218.425714285714,7
2024-09,NV,7500.0,3750.0,2
2024-09,NY,231159.07,7456.744193548388,31
2024-09,OH,127000.0,9769.23076923077,13
2024-09,OK,7500.0,3750.0,2
2024-09,OR,78524.94,7852.494000000001,10
2024-09,PA,188331.98,6975.258518518519,27
2024-09,SC,85002.66,14167.11,6
2024-09,TN,209131.58000000002,29875.940000000002,7
2024-09,TX,794292.97,8188.587319587628,97
2024-09,UT,20000.0,5000.0,4
2024-09,VA,91270.0,6519.285714285715,14
2024-09,WA,10000.0,5000.0,2
2024-09,WV,27000.0,6750.0,4
2024-09,WY,15000.0,3750.0,4
2024-10,AL,115571.0,6798.294117647059,17
2024-10,AR,12500.0,4166.666666666667,3
2024-10,AZ,127889.22,4736.637777777778,27
2024-10,CA,367390.24,6679.822545454545,55
2024-10,CO,46212.0,4201.090909090909,11
2024-10,FL,157462.91,7873.1455000000005,20
2024-10,GA,162500.0,10833.333333333334,15
2024-10,IA,35000.0,11666.666666666666,3
2024-10,ID,813.08,813.08,1
2024-10,IL,202844.16,6994.626206896552,29
2024-10,IN,326233.76,13593.073333333334,24
2024-10,KY,9375.0,3125.0,3
2024-10,MA,31100.0,4442.857142857143,7
2024-10,MD,122683.94,8763.138571428572,14
2024-10,ME,2000.0,2000.0,1
2024-10,MI,30000.0,3750.0,8
2024-10,MO,88270.73,8024.611818181817,11
2024-10,MS,6000.0,3000.0,2
2024-10,MT,2500.0,2500.0,1
2024-10,NC,46797.64,4254.330909090909,11
2024-10,NE,5000.0,5000.0,1
2024-10,NJ,98100.0,5450.0,18
2024-10,NM,75000.0,9375.0,8
2024-10,NV,74185.07,10597.867142857143,7
2024-10,NY,88173.01999999999,9797.002222222221,9
2024-10,OH,124917.32,9609.024615384616,13
2024-10,OK,46000.0,9200.0,5
2024-10,OR,25000.0,4166.666666666667,6
2024-10,PA,329380.26,10293.133125,32
2024-10,SC,15000.0,3750.0,4
2024-10,TN,85008.04000000001,8500.804,10
2024-10,TX,802703.0599999999,9671.121204819276,83
2024-10,UT,55000.0,6875.0,8
2024-10,VA,222025.31,14801.687333333333,15
2024-10,WA,28710.0,4785.0,6
2024-10,WI,10000.0,5000.0,2
2024-10,WY,147500.0,9833.333333333334,15
2024-11,AL,26680.0,6670.0,4
2024-11,AR,88000.0,11000.0,8
2024-11,AZ,25417.16,2824.128888888889,9
2024-11,CA,259399.57,4323.326166666667,60
2024-11,CO,27644.12,6911.03,4
2024-11,CT,7500.0,3750.0,2
2024-11,CT ,2500.0,2500.0,1
2024-11,FL,82720.01000000001,6363.077692307693,13
2024-11,GA,46100.0,3292.8571428571427,14
2024-11,IA,52725.01,6590.62625,8
2024-11,ID,35000.0,35000.0,1
2024-11,IL,286717.52,20479.82285714286,14
2024-11,IN,354670.61,12230.021034482757,29
2024-11,KS,21557.09,3592.8483333333334,6
2024-11,KY,36956.490000000005,4106.276666666668,9
2024-11,LA,7500.0,3750.0,2
2024-11,MA,7500.0,3750.0,2
2024-11,MD,5000.0,5000.0,1
2024-11,ME,547.5,273.75,2
2024-11,MO,137690.19,12517.29,11
2024-11,MT,7500.0,3750.0,2
2024-11,NC,75800.0,12633.333333333334,6
2024-11,NE,32500.0,5416.666666666667,6
2024-11,NJ,74572.0,6779.272727272727,11
2024-11,NM,17500.0,5833.333333333333,3
2024-11,NV,7500.0,3750.0,2
2024-11,NY,34644.520000000004,5774.086666666667,6
2024-11,OH,30350.0,3372.222222222222,9
2024-11,OK,49500.0,8250.0,6
2024-11,PA,96139.01,5059.947894736842,19
2024-11,SC,7500.0,3750.0,2
2024-11,TN,37883.5,4735.4375,8
2024-11,TX,543992.0700000001,7883.943043478262,69
2024-11,UT,87141.95,6703.2269230769225,13
2024-11,VA,110408.8,27602.2,4
2024-11,WA,8575.25,4287.625,2
2024-11,WI,5000.0,5000.0,1
2024-11,WY,15000.0,3750.0,4
2024-12,AL,13892.5,3473.125,4
2024-12,AR,65113.32,4650.951428571429,14
2024-12,AZ,117000.0,6500.0,18
2024-12,CA,190823.67,4437.759767441861,43
2024-12,CO,17500.0,3500.0,5
2024-12,CT,7500.0,3750.0,2
2024-12,FL,228853.51,7891.500344827587,29
2024-12,GA,244292.65,34898.95,7
2024-12,IA,10000.0,5000.0,2
2024-12,ID,49965.0,16655.0,3
2024-12,IL,157476.94,7158.0427272727275,22
2024-12,IN,63723.37,5310.280833333333,12
2024-12,KS,26943.760000000002,4490.626666666667,6
2024-12,MD,7500.0,3750.0,2
2024-12,ME,7500.0,3750.0,2
2024-12,MO,6152.0,3076.0,2
2024-12,MT,10000.0,5000.0,2
2024-12,NC,7500.0,3750.0,2
2024-12,NE,108638.0,15519.714285714286,7
2024-12,NJ,30000.0,3750.0,8
2024-12,NM,53811.08,5979.0088888888895,9
2024-12,NV,67500.0,11250.0,6
2024-12,NY,52203.8,5800.422222222222,9
2024-12,OH,94547.5,4976.184210526316,19
2024-12,OK,8700.0,2900.0,3
2024-12,OR,72500.0,5576.923076923077,13
2024-12,PA,229128.75,17625.28846153846,13
2024-12,SC,7500.0,3750.0,2
2024-12,TN,28620.0,2862.0,10
2024-12,TX,634780.53,10579.675500000001,60
2024-12,UT,64168.04,12833.608,5
2024-12,VA,7500.0,3750.0,2
2024-12,WA,45679.66,4152.696363636364,11
2024-12,WI,17500.0,3500.0,5
2024-12,WV,90400.0,22600.0,4
2024-12,WY,12500.0,4166.666666666667,3
